reason,orig_split,orig_path,folder,orig_w,orig_h,orig_format,md5,dhash,dup_group,dup_group_size,label
duplicate_same_label,train,train/Apple Scab Leaf/Apple-Scab1.jpg,Apple Scab Leaf,279,181,JPEG,18a3753274f181bc1b3726f54902d5d3,13374140918224833225,11,2,apple scab
duplicate_same_label,train,train/Apple rust leaf/thumb-20130802_111648.jpg,Apple rust leaf,700,933,JPEG,425dcfb4ef3a76787dda4da57b4f01f3,14394544813852136166,168,2,apple rust
duplicate_with_conflicting_labels,train,train/Bell_pepper leaf spot/Septoria-leaf-spot.jpg,Bell_pepper leaf spot,800,600,JPEG,562c4dc67edc96221b2ae25f54585ba8,17713699172407146870,321,2,bell pepper leaf spot
duplicate_with_conflicting_labels,train,train/Tomato Septoria leaf spot/tomato-blight-treatment-blight.jpg,Tomato Septoria leaf spot,800,600,JPEG,2a8951c9b23e8d42e66af582f4c024ba,17713699172407146870,321,2,tomato septoria leaf spot
duplicate_same_label,train,train/Bell_pepper leaf spot/peppers_bacterial_spot_zoom.jpg,Bell_pepper leaf spot,700,525,JPEG,5f479deed4e07647ca65f7e797d7b12d,18064070909175265460,337,2,bell pepper leaf spot
duplicate_same_label,train,train/Bell_pepper leaf spot/image_1500x1500%253E.jpeg?1467983528.jpg,Bell_pepper leaf spot,1500,1120,JPEG,324a9d694c9754ccce9312622b19c08e,1817692344694172642,338,2,bell pepper leaf spot
duplicate_same_label,train,train/Bell_pepper leaf spot/image_1500x1500%253E.jpeg?1472603885.jpg,Bell_pepper leaf spot,1500,1120,JPEG,c42d27eadd3ce5a71f8741187dc21156,14347640816466335778,339,2,bell pepper leaf spot
duplicate_same_label,test,test/Blueberry leaf/blueberry-leaves-normal-above-and-iron-deficient-below-bgahf8.jpg,Blueberry leaf,390,540,JPEG,ba5dcc6822fe97d13578703e2988b2ce,17566219366640414726,420,2,blueberry healthy
duplicate_with_conflicting_labels,train,train/Corn Gray leaf spot/2015070295153021.jpg,Corn Gray leaf spot,1224,1632,JPEG,8edd2518767e8b140ffe3c6f3d37609d,12214194953024499180,514,2,corn gray leaf spot
duplicate_with_conflicting_labels,test,test/Corn leaf blight/2015070295153021.jpg,Corn leaf blight,1224,1632,JPEG,8edd2518767e8b140ffe3c6f3d37609d,12214194953024499180,514,2,corn leaf blight
duplicate_with_conflicting_labels,train,train/Corn Gray leaf spot/corn-gray-leaf-spot-f4.jpg,Corn Gray leaf spot,672,832,JPEG,a5c506de47aa579eb224f2c2c398fb7f,17942049393949342828,547,2,corn gray leaf spot
duplicate_with_conflicting_labels,test,test/Corn leaf blight/corn-gray-leaf-spot-f4.jpg,Corn leaf blight,672,832,JPEG,a5c506de47aa579eb224f2c2c398fb7f,17942049393949342828,547,2,corn leaf blight
duplicate_with_conflicting_labels,train,train/Corn Gray leaf spot/gls99-anamosa.jpg,Corn Gray leaf spot,430,359,JPEG,16550ac7f2e09ae73735789f76385489,14756270460696749043,554,2,corn gray leaf spot
duplicate_with_conflicting_labels,train,train/Corn leaf blight/gls99-anamosa-400x334.jpg,Corn leaf blight,400,334,JPEG,b46a1bd1b520b29f6b47e877a9cc3e54,14756270460696748915,554,2,corn leaf blight
duplicate_same_label,train,train/Corn leaf blight/28430_rel.jpg,Corn leaf blight,200,383,JPEG,3e145284415adfd9afc9d800b0ef0378,12813287893545055954,597,2,corn leaf blight
duplicate_same_label,train,train/Corn leaf blight/corn_gray_leaf_spot.jpg,Corn leaf blight,600,400,JPEG,4083f6f574c598a917e23f46672cf218,10866422276982397594,611,2,corn leaf blight
duplicate_same_label,train,train/Corn leaf blight/Northern-corn-leaf-blight-NM-F2.jpg,Corn leaf blight,1200,1600,JPEG,35b545851b7309164d94c53c206ab612,17425205026084697075,625,2,corn leaf blight
duplicate_with_conflicting_labels,train,train/Corn leaf blight/IMG_42231.jpg,Corn leaf blight,3264,2448,JPEG,43ba8a87d9053032195c7c59bc01f1fc,3858825079349063334,635,2,corn leaf blight
duplicate_with_conflicting_labels,test,test/Corn Gray leaf spot/IMG_42231.jpg,Corn Gray leaf spot,3264,2448,JPEG,43ba8a87d9053032195c7c59bc01f1fc,3858825079349063334,635,2,corn gray leaf spot
duplicate_same_label,train,train/Corn leaf blight/Northern-Corn-Leaf-Blight.ashx.jpg,Corn leaf blight,500,734,JPEG,a170842f520190c1e2639f44d6a80930,10353606701198812977,645,2,corn leaf blight
duplicate_same_label,train,train/Corn leaf blight/bacterial-corn-300x300.jpg,Corn leaf blight,300,300,JPEG,45c28e606d61f9e4020ce46b49339baa,17420982063307277250,665,2,corn leaf blight
duplicate_same_label,train,train/Corn leaf blight/corn-short-backlit-Xanth-lesions-halos-f2-.jpg,Corn leaf blight,588,887,JPEG,93b8227d476aeff3bf55bb6eec9f4e82,9166865452209989619,693,2,corn leaf blight
duplicate_same_label,train,train/Corn rust leaf/Corn-Common-Rust-300x225.jpg,Corn rust leaf,300,225,JPEG,1ae7a2db2d46945b6522059cf30af542,9444953829771016055,753,2,corn rust
duplicate_same_label,train,train/Peach leaf/stock-photo-peach-with-leaf-isolated-on-white-168119267.jpg,Peach leaf,450,470,JPEG,129394a03c45b3d030b092c9254c5956,9232114379152396172,915,2,peach healthy
duplicate_with_conflicting_labels,train,train/Potato leaf early blight/1421_0.jpeg?itok=FMtmgePj.jpg,Potato leaf early blight,640,480,JPEG,f163947415e9d4e42bdc23720bec8a49,10096827411439496733,957,2,potato early blight
duplicate_with_conflicting_labels,test,test/Potato leaf late blight/1421_0.jpeg?itok=FMtmgePj.jpg,Potato leaf late blight,640,480,JPEG,f163947415e9d4e42bdc23720bec8a49,10096827411439496733,957,2,potato late blight
duplicate_with_conflicting_labels,train,train/Potato leaf early blight/14321627273_58d893c3e2_potato-plant.jpg,Potato leaf early blight,500,333,JPEG,9dab38688ade3dabc8974a5036c06af0,4350724504575117705,958,2,potato early blight
duplicate_with_conflicting_labels,train,train/Potato leaf late blight/14321627273_58d893c3e2_b.jpg,Potato leaf late blight,850,566,JPEG,cdee12b7ee9249dee06311d96b2de0bc,4350724504575117705,958,2,potato late blight
duplicate_with_conflicting_labels,train,train/Potato leaf early blight/18028_1.jpg,Potato leaf early blight,832,624,JPEG,33eb423bdbbc3a6ce8941be10a278a72,16819395924020948845,961,2,potato early blight
duplicate_with_conflicting_labels,train,train/Potato leaf late blight/24064_1.jpg,Potato leaf late blight,832,624,JPEG,33eb423bdbbc3a6ce8941be10a278a72,16819395924020948845,961,2,potato late blight
duplicate_with_conflicting_labels,train,train/Potato leaf early blight/2OBH_29_Gardening_early_blight.jpg,Potato leaf early blight,300,225,JPEG,604a18f373069bae8874d182568a8cde,16565026447406911980,968,2,potato early blight
duplicate_with_conflicting_labels,train,train/Tomato Early blight leaf/Early_Blight_of_Tomato1687.jpg,Tomato Early blight leaf,800,600,JPEG,a7714c526d891b3318486bcde1ad9b56,16565026447406911980,968,2,tomato early blight
duplicate_with_conflicting_labels,train,train/Potato leaf early blight/36-early-blight-concentric-rings.jpg,Potato leaf early blight,675,1013,JPEG,e829f347b0a2d89aebe04977849fac14,7595831810538925497,969,3,potato early blight
duplicate_with_conflicting_labels,train,train/Tomato Early blight leaf/EBTomato.jpg,Tomato Early blight leaf,300,450,JPEG,d527d69b83a030ec964d77008f997348,7595831810538925497,969,3,tomato early blight
duplicate_with_conflicting_labels,train,train/Tomato Early blight leaf/tomatoblight.jpg,Tomato Early blight leaf,300,450,JPEG,9299b55ac1bc6c646b15e29673038cd7,7595831810538925497,969,3,tomato early blight
duplicate_with_conflicting_labels,train,train/Potato leaf early blight/45035_1.jpg,Potato leaf early blight,1200,750,JPEG,c1ea46f5d0b9f1171a65cb4ac5e06e93,12951142773399214606,971,2,potato early blight
duplicate_with_conflicting_labels,train,train/Potato leaf late blight/Late+blight+on+potato.jpg,Potato leaf late blight,1600,1000,JPEG,4162b23c067bbcfd51a8b29bebaea746,13383488337626782222,971,2,potato late blight
duplicate_with_conflicting_labels,train,train/Potato leaf early blight/5816740026_d42ef24413_Phytophthora-Infestans.jpg,Potato leaf early blight,333,500,JPEG,e4aff68ead58ba22a411c93db3a630af,7580510764053636775,974,3,potato early blight
duplicate_with_conflicting_labels,train,train/Tomato leaf late blight/tomato-late-blight-foliar-lesions_Scot-Nelson_CC-BY-SA-2.0.jpg,Tomato leaf late blight,683,1024,JPEG,b7d77a8d8ccc64e96b3c513201fbe0ee,7580510764053636647,974,3,tomato late blight
duplicate_with_conflicting_labels,test,test/Potato leaf late blight/5816740026_d42ef24413_Phytophthora-Infestans.jpg,Potato leaf late blight,333,500,JPEG,e4aff68ead58ba22a411c93db3a630af,7580510764053636775,974,3,potato late blight
duplicate_with_conflicting_labels,train,train/Potato leaf early blight/Blght.jpg,Potato leaf early blight,2400,1800,JPEG,469e732bcfd84eb05af4982b1e196edf,7236410277054440548,980,2,potato early blight
duplicate_with_conflicting_labels,train,train/Tomato leaf late blight/LBleaf2INIA_0.jpg,Tomato leaf late blight,2048,1536,JPEG,4babaedef1709d2ecac2a55d78a22b8b,7236410277054440548,980,2,tomato late blight
duplicate_with_conflicting_labels,train,train/Potato leaf early blight/Early-Blight-Leaves-56a348bf3df78cf7727cb35e.jpg,Potato leaf early blight,768,768,JPEG,639012008e7379e0ff3d783004fcbf15,305180602680482888,985,2,potato early blight
duplicate_with_conflicting_labels,train,train/Tomato leaf late blight/Pest2369.jpg,Tomato leaf late blight,600,600,JPEG,497466f89ddffe44c142082b69ff3ffe,305180602680482888,985,2,tomato late blight
duplicate_with_conflicting_labels,train,train/Potato leaf early blight/IMG_9055.JPG.jpg,Potato leaf early blight,640,480,JPEG,ab69870280671ec01bced4c5eca39a24,7528175225611137811,992,2,potato early blight
duplicate_with_conflicting_labels,train,train/Tomato Septoria leaf spot/caf212ccf4696675469a0beaa9e57213.jpg,Tomato Septoria leaf spot,640,480,JPEG,3e49f171f970440e7d9fee0cde7406be,7528175225611137811,992,2,tomato septoria leaf spot
duplicate_with_conflicting_labels,train,train/Potato leaf early blight/backus-045-potato-blight.jpg,Potato leaf early blight,2848,2136,JPEG,a7710b5901ba1f8e9759ef7576cd9f09,3789917028742982878,1005,2,potato early blight
duplicate_with_conflicting_labels,train,train/Tomato leaf late blight/a7710b5901ba1f8e9759ef7576cd9f09.jpg,Tomato leaf late blight,2848,2136,JPEG,c01bd552f8df1930fcbdabb97a369e2f,3789917028742982878,1005,2,tomato late blight
duplicate_with_conflicting_labels,train,train/Potato leaf early blight/early-blight-closeup-NCSU.jpg,Potato leaf early blight,454,291,JPEG,e41b50acd994890b089f900935bdd2b4,14623876783984113737,1013,2,potato early blight
duplicate_with_conflicting_labels,train,train/Tomato Early blight leaf/early-blight-closeup-sm.jpg,Tomato Early blight leaf,454,291,JPEG,2ae9679b51ad13d1c383c33db9085269,14623876783984113737,1013,2,tomato early blight
duplicate_with_conflicting_labels,train,train/Potato leaf early blight/early-blight-or-target-spot-alternaria-solani-lesions-on-a-tomato-by9j8r.jpg,Potato leaf early blight,307,320,JPEG,f1985534933209ddda6cf43a4a599c81,15164306426565012716,1016,2,potato early blight
duplicate_with_conflicting_labels,train,train/Tomato Early blight leaf/early-blight-or-target-spot-alternaria-solani-lesions-on-a-tomato-BY9J8R.jpg,Tomato Early blight leaf,1300,1359,JPEG,1297af1094b8a057d489ae108c5f1980,15164310824611523821,1016,2,tomato early blight
duplicate_with_conflicting_labels,train,train/Potato leaf early blight/irish-blight-symptoms-on-potato-leaves-atmf8b.jpg,Potato leaf early blight,640,437,JPEG,bd890a743a88bd8a8a3046bc74a3eda3,14848093740305632461,1029,2,potato early blight
duplicate_with_conflicting_labels,test,test/Potato leaf late blight/irish-blight-symptoms-on-potato-leaves-atmf8b.jpg,Potato leaf late blight,640,437,JPEG,bd890a743a88bd8a8a3046bc74a3eda3,14848093740305632461,1029,2,potato late blight
duplicate_with_conflicting_labels,train,train/Potato leaf late blight/IMG_5813-1024x768.jpg,Potato leaf late blight,1024,768,JPEG,5e7d02479e21ee88bc33943b2941597c,12833879126074982803,1080,2,potato late blight
duplicate_with_conflicting_labels,train,train/Tomato leaf late blight/IMG_5813.jpg,Tomato leaf late blight,4000,3000,JPEG,f1ffb60268940b90b8f491319cee748b,12833879126074982803,1080,2,tomato late blight
duplicate_with_conflicting_labels,train,train/Potato leaf late blight/Jessore-potato-late-blight-8-2h2fdkl.jpg,Potato leaf late blight,2448,3264,JPEG,edb232c88280a66e210f776934b7b0b2,5288745876749407705,1081,2,potato late blight
duplicate_with_conflicting_labels,train,train/Tomato leaf late blight/symptoms_of_late_blight_0.jpg,Tomato leaf late blight,814,1085,JPEG,2f6d0d038112e81273de9608ca6394a7,5288745876749407705,1081,2,tomato late blight
duplicate_with_conflicting_labels,train,train/Potato leaf late blight/Symptom_potato_late_blight.jpg,Potato leaf late blight,800,559,JPEG,8ba582dea6f8b3da1bf09f72cb6390fb,3125887312219693859,1102,2,potato late blight
duplicate_with_conflicting_labels,train,train/Tomato Early blight leaf/126689-004-D622CD2F.jpg,Tomato Early blight leaf,550,384,JPEG,9f68685ef8b7fbc12e5e2ca4432f2997,3125887312219693859,1102,2,tomato early blight
duplicate_same_label,train,train/Potato leaf late blight/early_blight.jpg,Potato leaf late blight,250,249,JPEG,739afeab8a762a32ba7a5681ca333f25,3011105624269702248,1104,2,potato late blight
duplicate_with_conflicting_labels,train,train/Potato leaf late blight/backus-056-potato-blight.jpg,Potato leaf late blight,2848,2136,JPEG,ce0ad99cdbbf5dedccd96061c88a6d99,1594913946170181870,1105,2,potato late blight
duplicate_with_conflicting_labels,test,test/Potato leaf early blight/backus-056-potato-blight.jpg,Potato leaf early blight,2848,2136,JPEG,ce0ad99cdbbf5dedccd96061c88a6d99,1594913946170181870,1105,2,potato early blight
duplicate_same_label,train,train/Raspberry leaf/579a1aa0c6b3fd0354d1a6b57a40ac42--red-raspberry-medicinal-plants.jpg,Raspberry leaf,736,981,JPEG,9d47dde22c5243e5a43390125039c7c4,16312298218933825569,1168,2,raspberry healthy
duplicate_same_label,train,train/Squash Powdery mildew leaf/6c460a55e7e8607e922d98e1416448d4.jpg,Squash Powdery mildew leaf,736,552,JPEG,644e2a04f0802177623f95f1d54c4d2b,18082451427163731401,1344,2,squash powdery mildew
duplicate_same_label,train,train/Squash Powdery mildew leaf/squash-powdery-mildew.jpg,Squash Powdery mildew leaf,750,350,JPEG,4e7b7c94d436580ac23955ea80aa1843,3650621907820208964,1433,2,squash powdery mildew
duplicate_same_label,train,train/Tomato Early blight leaf/3606630.jpg,Tomato Early blight leaf,325,216,JPEG,ca851266c265ef3715c2f2c0b827266a,7826324629281141284,1539,2,tomato early blight
duplicate_same_label,train,train/Tomato Early blight leaf/Early-blight.jpg,Tomato Early blight leaf,598,332,JPEG,0f6735b0408756aa9173c53fb7333455,3761719930109846339,1546,2,tomato early blight
duplicate_with_conflicting_labels,train,train/Tomato Early blight leaf/MPC105550.jpg.rendition.largest.ss.jpg,Tomato Early blight leaf,300,300,JPEG,91b73883bde1fea344b6cbff96d73a43,11470319027840275339,1552,2,tomato early blight
duplicate_with_conflicting_labels,train,train/Tomato Septoria leaf spot/MPC105550.jpg.rendition.largest.550.jpg,Tomato Septoria leaf spot,550,550,JPEG,7777388ec16d3d242c94b632b2ba3854,11470319027840275339,1552,2,tomato septoria leaf spot
duplicate_with_conflicting_labels,train,train/Tomato Early blight leaf/b54d0e40027ff5e90e8ba7e1e9abf9bd--garden-guide-garden-ideas.jpg,Tomato Early blight leaf,448,336,JPEG,9041ce3fb39bd7fa81f09c2a0dafb84c,15635509318184444740,1564,2,tomato early blight
duplicate_with_conflicting_labels,train,train/Tomato Septoria leaf spot/b54d0e40027ff5e90e8ba7e1e9abf9bd.jpg,Tomato Septoria leaf spot,200,150,JPEG,3c75c12e343c2c9a6f15e2ec86df593f,15635509318184444740,1564,2,tomato septoria leaf spot
duplicate_same_label,train,train/Tomato Early blight leaf/confused-bacterial-canker-early-blight-zoom.JPG.jpg,Tomato Early blight leaf,419,284,JPEG,ff4897a4603b2c324c1223f2bacedcbb,15320336403658482995,1566,2,tomato early blight
duplicate_with_conflicting_labels,train,train/Tomato Early blight leaf/earlyblightpotato.jpg,Tomato Early blight leaf,465,350,JPEG,d2c45e81c5de5a2f731829ed491e8df5,620571186038945085,1582,2,tomato early blight
duplicate_with_conflicting_labels,test,test/Potato leaf early blight/earlyblightpotato.jpg,Potato leaf early blight,465,350,JPEG,be11519577cb929d21a68170b2ec88f1,620571186038945085,1582,2,potato early blight
duplicate_with_conflicting_labels,train,train/Tomato Early blight leaf/p1020084s.jpg,Tomato Early blight leaf,800,600,JPEG,a035219b31920b7eb720785b74822fa1,17200288995381487154,1590,2,tomato early blight
duplicate_with_conflicting_labels,train,train/Tomato leaf late blight/tomato_late-blight_04_zoom.jpg,Tomato leaf late blight,900,675,JPEG,cc96a78feec7941c605421de69b39f49,7976916958526711346,1590,2,tomato late blight
duplicate_same_label,train,train/Tomato Septoria leaf spot/eb56b488e349c2de423ab6afbcc4bd5b.jpg,Tomato Septoria leaf spot,500,635,JPEG,fbcbcd01b1dbffd15d7deea898bd94ba,3684968420377058137,1627,2,tomato septoria leaf spot
duplicate_with_conflicting_labels,train,train/Tomato Septoria leaf spot/Sept9-300x225.jpg,Tomato Septoria leaf spot,300,225,JPEG,98f239a387ca5596eadb27016462c6a9,6582902269361054124,1645,2,tomato septoria leaf spot
duplicate_with_conflicting_labels,train,train/Tomato leaf bacterial spot/FS547-4-big.jpg,Tomato leaf bacterial spot,640,480,JPEG,1f6b09f3158c67fa6d0f8647389de204,6582902269361119661,1645,2,tomato bacterial spot
duplicate_same_label,train,train/Tomato Septoria leaf spot/tomatofactsheet.png.png,Tomato Septoria leaf spot,355,240,PNG,814358a9ce6040ea6b03864fdf1e5a79,3645143844744401176,1649,2,tomato septoria leaf spot
duplicate_with_conflicting_labels,train,train/Tomato Septoria leaf spot/Tomato%20bacterial%20spot%20closeup-050S.JPG.jpg,Tomato Septoria leaf spot,640,480,JPEG,95bb8754364a716d841ee86a80c59a6f,10005000625874840772,1662,2,tomato septoria leaf spot
duplicate_with_conflicting_labels,train,train/Tomato leaf bacterial spot/RyBx7MH.jpg,Tomato leaf bacterial spot,259,194,JPEG,136ff0732fb3769e3c5c50323e576d76,10005000625874840772,1662,2,tomato bacterial spot
duplicate_same_label,test,test/Tomato Septoria leaf spot/early-blight-septoria-ls-fig-3.jpg,Tomato Septoria leaf spot,1500,1125,JPEG,3311a7162f523ef7dc4f5b02033d6ecf,13961707792177537970,1676,2,tomato septoria leaf spot
duplicate_same_label,train,train/Tomato Septoria leaf spot/xgray-leaf-spot.jpg.pagespeed.ic.ltF8KfKtQ1.jpg,Tomato Septoria leaf spot,205,300,JPEG,96d17c29f2ad43524917fc318057bf48,11155940584468003116,1677,2,tomato septoria leaf spot
duplicate_with_conflicting_labels,train,train/Tomato Septoria leaf spot/tomato_V8.jpg,Tomato Septoria leaf spot,350,260,JPEG,1fc7b6d3ecba2fe90bbf8f6078fd7e45,870925606164153416,1725,2,tomato septoria leaf spot
duplicate_with_conflicting_labels,test,test/Tomato leaf bacterial spot/tomato_V8.jpg,Tomato leaf bacterial spot,350,260,JPEG,1fc7b6d3ecba2fe90bbf8f6078fd7e45,870925606164153416,1725,2,tomato bacterial spot
duplicate_same_label,train,train/Tomato leaf bacterial spot/BCH%20small%20thumbnail%20for%20upload%20%2814%29.jpg,Tomato leaf bacterial spot,187,150,JPEG,11d672922e2d6771dd5ec4877e6cdabe,6473743453998992043,1806,2,tomato bacterial spot
duplicate_same_label,test,test/Tomato leaf bacterial spot/07.17.18-Common_Tomato_Diseases_Canker-258x300.jpg,Tomato leaf bacterial spot,258,300,JPEG,03471392f4ed6981b8c1ee9635859489,12734715636520660388,1854,2,tomato bacterial spot
duplicate_same_label,train,train/Tomato leaf late blight/IMG_5360.jpg,Tomato leaf late blight,500,420,JPEG,df4fb51a1fe2881f450b78bba5e53aae,8135580325568917953,1888,2,tomato late blight
duplicate_same_label,train,train/Tomato leaf late blight/LateBlightLeaf.jpg,Tomato leaf late blight,800,600,JPEG,3aa9dcdfd99883b664a08e0590e09ddb,11136923322787612784,1893,2,tomato late blight
duplicate_same_label,train,train/Tomato leaf late blight/TomatoLateBlight-3-Underside-2ebj05b-300x225.jpg,Tomato leaf late blight,300,225,JPEG,83012a7e96576aac4338730beda488a8,13950331837229753548,1922,2,tomato late blight
duplicate_same_label,test,test/Tomato leaf late blight/18c.jpg,Tomato leaf late blight,350,255,JPEG,71bb3f82647e48b5e1884e41566508e3,2033428527484285235,1935,2,tomato late blight
duplicate_with_conflicting_labels,train,train/Tomato leaf mosaic virus/ab40cce958c60d8b6e0ec2e4fdb8f526.jpg,Tomato leaf mosaic virus,300,321,JPEG,58ec2f2b3d753ba6d747b15bb43e1c6d,2748335608044318139,1989,2,tomato mosaic virus
duplicate_with_conflicting_labels,train,train/Tomato leaf yellow virus/Tomato2.jpg,Tomato leaf yellow virus,700,749,JPEG,60bec767d9774d36d1cb08ce793e5e2d,2748335608044318139,1989,2,tomato yellow leaf curl virus
duplicate_same_label,train,train/Tomato leaf yellow virus/tomato-plant-virus-tomato-yellow-leaf-curl-virus-tomato-plant-disease-mosaic-virus.jpg,Tomato leaf yellow virus,500,438,JPEG,2fe3ae1e3cf562f0aac2092f5e0da7a4,10440449093435706660,2053,2,tomato yellow leaf curl virus
duplicate_with_conflicting_labels,train,train/Tomato leaf yellow virus/tomato-yellow-leaf-curl-disease.jpg,Tomato leaf yellow virus,798,605,JPEG,d682024d5b50a2973e517441f897c720,10923930123322182089,2074,2,tomato yellow leaf curl virus
duplicate_with_conflicting_labels,train,train/Tomato mold leaf/tylc.jpg,Tomato mold leaf,798,605,JPEG,5b433cd717b3584bdaf3e6197ae4fecc,10923930123322182089,2074,2,tomato leaf mold
duplicate_same_label,test,test/Tomato leaf yellow virus/tylcv-seminar-1-638.jpg,Tomato leaf yellow virus,638,479,JPEG,5b4163adb2bd89b453328e8063b16f37,7155992428887110001,2084,2,tomato yellow leaf curl virus
duplicate_same_label,train,train/grape leaf black rot/image66.jpg,grape leaf black rot,231,159,JPEG,68ba72ee939052a07203fb9ae1be5fa3,7876139118853147853,2281,2,grape black rot
